Employee_ID,Full_Name,Gender,Age,Department,Job_Title,City,Region,Country,Join_Date,Last_Promotion_Date,Salary_BDT,Bonus_Percent,Performance_Score,Experience_Years,Training_Hours,Projects_Completed,Remote_Work,Employment_Status,Education_Level,Email,Phone,Manager_ID,Sales_BDT,Customer_Rating,Overtime_Hours,Sick_Days,Has_Missing_Documents,Product_Category,Payment_Method,Order_Date
EMP-0001,Sakib Akter,Male,28,Sales,Sales Executive,Chittagong,South-East,Bangladesh,2024-08-03,,113000,0.03,3.8,1,3,2,Yes,Active,HSC,sakib.akter1@example.com,01736687537,,750800,4.1,34,6,No,Training,Bank Transfer,2024-01-14
EMP-0002,Farhan Chowdhury,Male,29,Finance,Accountant,Barisal,South,Bangladesh,2018-02-23,2019-02-27,88000,0.03,3.1,8,77,8,Yes,On Leave,HSC,farhan.chowdhury2@example.com,01620576383,,144714,3.2,23,9,No,Software,Cash,2025-04-11
EMP-0003,Imran Rahman,Female,24,Data,ML Intern,Comilla,East,Bangladesh,2024-02-17,,53000,0.07,3.1,2,9,19,Hybrid,Active,Bachelor,imran.rahman3@example.com,01472043515,,99471,3.2,35,3,No,Software,Card,2024-03-06
EMP-0004,Sadia Chowdhury,Male,23,Sales,Sales Lead,Barisal,South,Bangladesh,2019-05-21,2023-07-21,105500,0.1,4.7,7,18,8,Yes,Active,Masters,sadia.chowdhury4@example.com,01888461803,,449245,4.7,25,5,No,Hardware,Mobile Banking,2024-07-05
EMP-0005,Rafi Rahman,Female,,Finance,Payroll Officer,Rangpur,North,Bangladesh,2023-09-09,2024-07-15,88000,0.1,3.8,3,67,8,Hybrid,Active,HSC,rafi.rahman5@example.com,01882070937,,196838,3.2,21,1,No,Training,Card,2026-07-18
EMP-0006,Tanjila Khan,Female,37,HR,HR Manager,Rajshahi,North-West,Bangladesh,2024-03-02,,123000,0.05,2.5,1,69,24,Hybrid,Active,Masters,tanjila.khan6@example.com,01612614124,,29325,4.8,19,3,Yes,Hardware,Cash,2024-06-24
EMP-0007,Nayeem Rahman,Female,25,Support,Support Lead,Sylhet,North-East,Bangladesh,2019-12-22,2023-06-04,123000,0.1,4.9,6,39,12,Hybrid,Active,Diploma,nayeem.rahman7@example.com,01770597444,,126882,3.1,4,5,Yes,Support Plan,Card,2025-03-27
EMP-0008,Tanjila Rahman,Female,28,HR,HR Executive,Barisal,South,Bangladesh,2017-10-18,2021-03-03,65500,0.07,4.0,8,69,4,Hybrid,Resigned,Diploma,tanjila.rahman8@example.com,01473481353,,211680,3.5,6,1,No,Consulting,Mobile Banking,2026-04-21
EMP-0009,Mehjabin Akter,Female,22,Data,Business Analyst,Barisal,South,Bangladesh,2025-12-24,,,0.05,2.7,1,17,13,Yes,Active,Diploma,mehjabin.akter9@example.com,01420117988,EMP-0008,211818,4.7,35,1,Yes,Support Plan,Cash,2024-07-10
EMP-0010,Hasan Islam,Male,36,Support,Support Engineer,Rangpur,North,Bangladesh,2017-08-29,2019-01-28,88000,0.03,5.0,9,58,9,No,Resigned,Diploma,hasan.islam10@example.com,01435487660,EMP-0005,228275,4.9,34,0,No,Software,Cash,2026-03-02
EMP-0011,Sumaiya Rahman,Female,23,HR,HR Manager,Khulna,South-West,Bangladesh,2021-07-12,2022-09-10,118000,0.05,3.8,4,79,2,No,Resigned,Masters,sumaiya.rahman11@example.com,01537415205,EMP-0006,62570,3.2,8,10,No,Training,Bank Transfer,2024-05-28
EMP-0012,Tanjila Miah,Female,23,Sales,Sales Lead,Rajshahi,North-West,Bangladesh,2018-06-27,2020-12-07,38000,0.05,3.2,7,56,17,Hybrid,Active,HSC,tanjila.miah12@example.com,01884437458,EMP-0005,695613,2.8,8,4,Yes,Software,Card,2025-07-11
EMP-0013,Imran Begum,Female,43,Operations,Operations Executive,,,Bangladesh,2022-09-02,2025-11-25,68000,0.03,2.4,4,35,1,Yes,Active,Bachelor,imran.begum13@example.com,01845159040,EMP-0003,194309,3.6,27,8,Yes,Software,Cash,2024-11-01
EMP-0014,Mahin Akter,Male,39,Finance,Finance Analyst,Sylhet,North-East,Bangladesh,2017-06-21,2019-09-10,85500,0.03,4.7,8,31,21,Yes,Active,Diploma,mahin.akter14@example.com,01730743797,EMP-0004,226651,2.9,11,6,Yes,Hardware,Bank Transfer,2026-04-23
EMP-0015,Hasan Khan,Female,43,HR,Recruiter,Dhaka,Central,Bangladesh,2022-04-12,2024-01-07,58000,0.1,3.1,3,28,0,Hybrid,Active,Diploma,hasan.khan15@example.com,01547393469,EMP-0002,202722,3.2,32,6,No,Software,Cash,2025-06-18
EMP-0016,Farhan Begum,Male,22,it,HR Manager,Rangpur,North,Bangladesh,2020-11-16,2025-06-15,78000,0.1,3.9,5,49,18,Yes,Active,HSC,farhan.begum16@example.com,01868526649,EMP-0001,136293,4.8,34,10,No,Consulting,Mobile Banking,2024-05-23
EMP-0017,Sadia Begum,Male,42,HR,HR Manager,Rajshahi,North-West,Bangladesh,2022-09-09,2024-11-30,133000,0.1,3.0,4,70,4,Yes,On Leave,Diploma,sadia.begum17@example.com,01833357554,EMP-0005,106450,3.9,0,4,No,Hardware,Mobile Banking,2025-10-21
EMP-0018,Mehjabin Miah,Male,,Sales,Sales Lead,Comilla,East,Bangladesh,2025-11-26,,53000,0.15,2.3,1,11,24,Yes,Active,Bachelor,mehjabin.miah18@example.com,01936726767,EMP-0003,25611,2.6,30,9,Yes,Training,Mobile Banking,2025-02-02
EMP-0019,Jannat Miah,Male,28,Finance,Payroll Officer,Dhaka,Central,Bangladesh,2025-06-03,,43000,0.1,2.7,1,6,17,Yes,Active,Diploma,jannat.miah19@example.com,01472363359,EMP-0006,249047,4.4,28,9,No,Support Plan,Mobile Banking,2024-11-21
EMP-0020,Nayeem Miah,Male,45,Sales,Sales Lead,Rajshahi,North-West,Bangladesh,2025-08-03,,110500,0.1,3.9,1,56,2,Hybrid,Active,Bachelor,nayeem.miah20@example.com,01555076693,EMP-0006,566390,2.7,9,3,No,Hardware,Card,2024-05-11
EMP-0021,Arif Chowdhury,Male,38,Support,Customer Success Executive,Dhaka,Central,Bangladesh,2019-04-28,2022-03-03,88000,0.12,4.8,6,73,12,No,Active,Masters,arif.chowdhury21@example.com,01562343121,EMP-0007,564365,4.4,34,12,No,Training,Card,2025-07-12
EMP-0022,Arif Miah,Female,33,Operations,Operations Manager,Rangpur,North,Bangladesh,2025-02-14,2026-07-17,100500,0.05,4.9,0,50,18,Hybrid,Active,HSC,arif.miah22@example.com,01867527432,EMP-0003,227239,3.7,3,4,No,Consulting,Card,2026-07-20
EMP-0023,Sadia Ahmed,Male,29,Data,ML Intern,Chittagong,South-East,Bangladesh,2022-04-11,2022-11-16,,0.03,5.0,4,28,20,Yes,Active,HSC,sadia.ahmed23@example.com,01436757737,EMP-0001,162879,2.9,8,7,Yes,Support Plan,Card,2026-08-10
EMP-0024,Nusrat Ahmed,Female,40,HR,HR Executive,Rajshahi,North-West,Bangladesh,2018-03-19,2021-12-13,30500,0.07,3.8,8,50,22,Yes,Active,Bachelor,nusrat.ahmed24@example.com,01350477742,EMP-0002,208726,5.0,2,5,No,Consulting,Cash,2026-06-01
EMP-0025,Arif Miah,Female,34, Finance ,Operations Manager,Comilla,East,Bangladesh,2024-12-07,2026-04-14,95500,0.05,4.2,2,78,25,Hybrid,On Leave,Diploma,arif.miah25@example.com,01689520597,EMP-0005,84490,4.6,5,4,No,Hardware,Mobile Banking,2026-02-15
EMP-0026,Sadia Akter,Male,31,Finance,Finance Analyst,Khulna,South-West,Bangladesh,2020-12-24,2022-12-03,80500,0.07,4.7,6,71,0,Hybrid,Active,HSC,sadia.akter26@example.com,01464549859,EMP-0008,145536,4.4,30,10,No,Training,Cash,2024-07-09
EMP-0027,Imran Hossain,Male,43,Sales,Account Manager,Barisal,South,Bangladesh,2022-04-23,2025-11-26,110500,0.07,3.3,4,45,22,No,Active,Masters,imran.hossain27@example.com,01540942292,EMP-0002,756321,3.0,7,11,No,Hardware,Card,2026-05-19
EMP-0028,Sumaiya Begum,Male,24,Sales,Account Manager,Khulna,South-West,Bangladesh,2021-01-18,2022-07-19,75500,0.03,4.2,4,35,1,yes,Resigned,Masters,sumaiya.begum28@example.com,01826948946,EMP-0008,107570,4.7,18,7,No,Training,Bank Transfer,2025-01-12
EMP-0029,Rafi Khan,Male,24,HR,Recruiter,Comilla,East,Bangladesh,2017-10-31,2021-07-23,128000,0.15,2.3,8,72,9,Yes,Active,HSC,rafi.khan29@example.com,01765857931,EMP-0004,203343,3.8,28,7,No,Support Plan,Mobile Banking,2025-09-17
EMP-0030,Tasnim Begum,Female,40,HR,HR Executive,Khulna,South-West,Bangladesh,2019-12-20,2024-02-29,40500,0.05,2.8,6,20,0,No,On Leave,Diploma,tasnim.begum30@example.com,01514380847,EMP-0004,75524,4.3,29,1,No,Consulting,Card,2026-05-20
EMP-0031,Sakib Sultana,Female,41,Finance,Finance Analyst,Sylhet,North-East,Bangladesh,2017-10-20,2018-08-18,53000,0.07,3.8,9,56,3,No,Active,Diploma,sakib.sultana31@example.com,01577172238,EMP-0008,114755,2.7,2,6,No,Support Plan,Bank Transfer,2024-02-22
EMP-0032,Mina Hossain,Female,45,it,Brand Executive,Dhaka,Central,Bangladesh,2025-07-23,,55500,0.1,3.6,1,35,5,Hybrid,On Leave,Diploma,mina.hossain32@example.com,01373083727,EMP-0006,428184,3.3,6,2,No,Training,Mobile Banking,2025-08-13
EMP-0033,Jannat Sultana,Female,35,HR,Recruiter,Rajshahi,North-West,Bangladesh,2020-08-17,2021-10-08,90500,0.12,4.5,5,69,14,No,Active,Bachelor,jannat.sultana33@example.com,01758557203,EMP-0008,163947,3.6,3,3,No,Support Plan,Card,2025-08-12
EMP-0034,Mehjabin Miah,Female,21,Sales,Sales Lead,Sylhet,North-East,Bangladesh,2020-06-26,2024-01-25,28000,0.12,3.3,5,14,14,Yes,Active,Diploma,mehjabin.miah34@example.com,01849172995,EMP-0005,435673,4.6,30,3,No,Support Plan,Card,2026-02-24
EMP-0035,Ayesha Begum,Female,23,Marketing,Content Marketer,Barisal,South,Bangladesh,2025-11-01,,70500,0.03,2.9,1,75,18,Hybrid,On Leave,Bachelor,,01682287061,EMP-0008,361888,3.3,34,6,No,Consulting,Card,2025-05-04
EMP-0036,Tasnim Chowdhury,Female,45,Data,Data Analyst,Barisal,South,Bangladesh,2025-05-09,,140500,0.1,3.2,0,63,1,Yes,Resigned,Masters,tasnim.chowdhury36@example.com,01923470708,EMP-0008,26138,3.8,29,0,No,Training,Card,2024-06-02
EMP-0037,Nayeem Khan,Male,40,Data,Business Analyst,Chittagong,South-East,Bangladesh,2020-09-07,2024-12-16,113000,0.1,4.9,6,69,1,Hybrid,Active,Bachelor,nayeem.khan37@example.com,01848571356,EMP-0004,195760,2.7,6,12,Yes,Training,Card,2025-09-05
EMP-0038,Tanjila Akter,Male,22,Marketing,Content Marketer,Barisal,South,Bangladesh,2021-10-31,2023-02-21,65500,0.12,3.3,4,21,5,Yes,Resigned,Diploma,tanjila.akter38@example.com,01742323627,EMP-0008,611484,2.9,29,10,No,Training,Bank Transfer,2024-01-20
EMP-0039,Mehjabin Khan,Female,,Support,Customer Success Executive,Rajshahi,North-West,Bangladesh,2024-03-02,,138000,0.07,3.4,2,25,12,No,Active,Bachelor,mehjabin.khan39@example.com,01686762164,EMP-0006,602733,3.2,18,0,No,Consulting,Cash,2024-04-10
EMP-0040,Fahim Miah,Male,45,Sales,Sales Lead,Barisal,South,Bangladesh,2019-06-17,2023-07-09,58000,0.12,2.8,6,80,3,Hybrid,Active,Masters,fahim.miah40@example.com,01969166287,EMP-0001,607727,3.4,8,1,No,Consulting,Mobile Banking,2024-12-25
EMP-0041,Ayesha Islam,Male,37,Marketing,SEO Specialist,Rajshahi,North-West,Bangladesh,2022-05-28,2024-07-20,80500,0.03,3.5,3,18,24,Yes,On Leave,Masters,ayesha.islam41@example.com,01362958901,EMP-0001,277304,3.8,29,5,No,Support Plan,Mobile Banking,2026-01-30
EMP-0042,Sakib Hossain,Male,21,Operations,Operations Manager,Khulna,South-West,Bangladesh,2024-04-06,,128000,0.1,4.7,2,52,3,Yes,Active,HSC,sakib.hossain42@example.com,01576118957,EMP-0002,25478,3.1,34,2,No,Training,Bank Transfer,2026-05-08
EMP-0043,Tasnim Islam,Male,41,HR,Recruiter,Rangpur,North,Bangladesh,2020-02-20,2020-10-24,138000,0.07,2.7,6,30,11,Yes,Active,Masters,tasnim.islam43@example.com,01363437398,EMP-0005,49757,4.9,29,1,No,Support Plan,Cash,2024-04-13
EMP-0044,Sadia Hossain,Female,39,Sales,Sales Executive,Khulna,South-West,Bangladesh,2023-07-30,2025-04-12,63000,0.07,4.3,2,35,4,Yes,Resigned,Masters,sadia.hossain44@example.com,01933420607,EMP-0002,693169,4.7,8,0,No,Hardware,Bank Transfer,2024-02-02
EMP-0045,Farhan Khan,Female,25,Data,Business Analyst,Chittagong,South-East,Bangladesh,2025-05-13,2026-03-19,103000,0.1,4.4,0,57,16,Yes,Resigned,HSC,farhan.khan45@example.com,01898436473,EMP-0005,120073,4.1,1,0,No,Training,Mobile Banking,2024-08-09
EMP-0046,Nayeem Miah,Female,23,Operations,Operations Manager,Sylhet,North-East,Bangladesh,2017-09-27,2018-12-09,70500,0.12,3.9,9,48,19,Hybrid,Active,Diploma,nayeem.miah46@example.com,01791259008,EMP-0007,25999,4.5,7,10,No,Training,Mobile Banking,2025-04-12
EMP-0047,Arif Ahmed,Male,33,Data,Business Analyst,Chittagong,South-East,Bangladesh,2020-07-04,2023-05-24,78000,0.15,2.8,5,60,2,Yes,Active,HSC,arif.ahmed47@example.com,01622960658,EMP-0006,212800,2.8,3,9,No,Software,Mobile Banking,2025-12-25
EMP-0048,Arif Akter,Male,40,Marketing,Content Marketer,Chittagong,South-East,Bangladesh,2023-06-26,,60500,0.05,4.0,2,13,11,Hybrid,Active,HSC,arif.akter48@example.com,01947388792,EMP-0004,846432,3.6,35,12,Yes,Support Plan,Bank Transfer,2024-02-29
EMP-0049,Farhan Khan,Male,31,Operations,Operations Executive,Sylhet,North-East,Bangladesh,2018-08-10,2022-04-10,133000,0.1,2.3,7,11,23,Hybrid,Active,Diploma,farhan.khan49@example.com,01670887307,EMP-0006,41263,3.4,20,12,Yes,Software,Card,2024-11-18
EMP-0050,Fahim Akter,Female,29,Support,Support Lead,,,Bangladesh,2022-06-13,2026-05-06,98000,0.1,2.9,3,44,13,Yes,Active,Diploma,fahim.akter50@example.com,01799541016,EMP-0005,47623,3.1,3,0,No,Consulting,Card,2024-10-08
EMP-0051,Nusrat Khan,Male,24,IT,QA Engineer,Rangpur,North,Bangladesh,2018-12-21,2020-03-09,88000,0.12,4.1,8,9,12,Hybrid,Active,Diploma,nusrat.khan51@example.com,01371707170,EMP-0002,225996,3.3,27,9,No,Training,Bank Transfer,2024-08-23
EMP-0052,Jannat Akter,Male,26,Support,Support Lead,Barisal,South,Bangladesh,2017-12-27,2020-12-05,43000,0.05,3.4,9,67,2,No,Active,Masters,jannat.akter52@example.com,01454703713,EMP-0003,80089,3.8,7,8,No,Consulting,Bank Transfer,2024-10-29
EMP-0053,Hasan Rahman,Female,29, Finance ,Sales Executive,Sylhet,North-East,Bangladesh,2025-07-11,,130500,0.03,2.6,1,59,24,Hybrid,Resigned,Diploma,hasan.rahman53@example.com,01885764804,EMP-0006,657685,3.3,28,1,No,Training,Bank Transfer,2025-07-16
EMP-0054,Tasnim Akter,Male,37,HR,Recruiter,Comilla,East,Bangladesh,2022-01-26,2022-10-10,35500,0.07,4.5,3,11,19,Hybrid,Resigned,Diploma,tasnim.akter54@example.com,01687890494,EMP-0001,117894,4.8,12,5,No,Support Plan,Card,2024-05-06
EMP-0055,Mehjabin Rahman,Male,43,HR,HR Manager,Sylhet,North-East,Bangladesh,2017-06-10,2019-04-28,140500,0.1,5.0,8,46,11,No,On Leave,Diploma,mehjabin.rahman55@example.com,01955414869,EMP-0001,206891,4.1,21,1,No,Software,Mobile Banking,2025-08-04
EMP-0056,Nusrat Begum,Female,31,HR,HR Manager,Sylhet,North-East,Bangladesh,2020-12-03,2023-02-26,130500,0.15,4.0,5,76,22,Yes,Active,Diploma,nusrat.begum56@example.com,01854087376,EMP-0003,175666,4.3,33,1,No,Support Plan,Bank Transfer,2024-02-07
EMP-0057,Rakib Khan,Female,27,Operations,Supply Chain Officer,Khulna,South-West,Bangladesh,2019-07-17,2020-10-20,50500,0.03,3.0,6,64,24,Hybrid,Resigned,HSC,rakib.khan57@example.com,01855199748,EMP-0003,156564,3.4,10,2,No,Training,Cash,2026-04-21
EMP-0058,Rakib Hossain,Male,40,Marketing,Brand Executive,Comilla,East,Bangladesh,2019-08-17,2023-02-10,65500,0.07,4.9,7,24,11,Hybrid,Resigned,Diploma,rakib.hossain58@example.com,01647818761,EMP-0007,527335,3.8,10,3,No,Consulting,Cash,2026-06-18
EMP-0059,Sakib Sultana,Female,30,HR,HR Executive,Rajshahi,North-West,Bangladesh,2022-01-15,2025-05-30,,0.1,2.4,3,57,11,Yes,On Leave,HSC,sakib.sultana59@example.com,01677378254,EMP-0006,61807,3.5,5,5,No,Software,Bank Transfer,2024-07-21
EMP-0060,Sadia Islam,Female,22,Marketing,Content Marketer,Sylhet,North-East,Bangladesh,2025-07-06,,103000,0.1,3.9,0,2,8,Yes,Active,Diploma,sadia.islam60@example.com,01348668339,EMP-0004,315779,2.8,15,6,No,Software,Cash,2026-01-17
EMP-0061,Tasnim Hossain,Female,30,Data,Data Analyst,Barisal,South,Bangladesh,2019-09-13,2023-05-23,93000,0.05,4.0,6,67,11,Yes,Resigned,HSC,tasnim.hossain61@example.com,01673100462,EMP-0001,166637,3.5,23,4,Yes,Consulting,Cash,2025-12-07
EMP-0062,Hasan Rahman,Male,25,IT,Backend Developer,Barisal,South,Bangladesh,2024-03-17,2025-09-06,135500,0.1,4.9,2,80,5,Yes,Active,Diploma,hasan.rahman62@example.com,01349385195,EMP-0004,11483,4.5,2,5,No,Support Plan,Mobile Banking,2026-05-02
EMP-0063,Ayesha Khan,Male,45,IT,Backend Developer,Rajshahi,North-West,Bangladesh,2018-05-25,2020-12-13,95500,0.1,4.3,8,43,5,No,On Leave,Masters,ayesha.khan63@example.com,01979696025,EMP-0005,210016,2.7,27,1,No,Support Plan,Card,2025-08-24
EMP-0064,Sadia Rahman,Female,31,Marketing,Content Marketer,Comilla,East,Bangladesh,2023-10-05,,95500,0.05,4.1,3,57,1,Hybrid,Active,Diploma,sadia.rahman64@example.com,01595828117,EMP-0001,78686,4.2,25,5,No,Software,Card,2026-06-16
EMP-0065,Rafi Islam,Female,28,Operations,Supply Chain Officer,Rangpur,North,Bangladesh,2023-05-13,2024-01-14,123000,0.05,4.1,3,47,14,Yes,Resigned,Bachelor,rafi.islam65@example.com,01759251188,EMP-0007,82414,4.1,15,1,Yes,Hardware,Mobile Banking,2026-07-18
EMP-0066,Sakib Khan,Male,43,Support,Support Engineer,Rajshahi,North-West,Bangladesh,2024-10-13,,58000,0.03,2.5,1,57,5,Hybrid,On Leave,HSC,sakib.khan66@example.com,01952894344,EMP-0006,744007,2.7,34,4,No,Hardware,Card,2026-01-10
EMP-0067,Sumaiya Hossain,Female,,Finance,Accountant,Comilla,East,Bangladesh,2017-04-18,2019-10-24,115500,0.12,3.2,8,78,2,Yes,Active,Diploma,sumaiya.hossain67@example.com,01874245343,EMP-0007,201631,3.5,4,2,No,Software,Mobile Banking,2026-08-12
EMP-0068,Sumaiya Ahmed,Female,45,Finance,Accountant,Rangpur,North,Bangladesh,2022-08-22,2023-06-11,45500,0.12,2.5,3,20,10,Hybrid,Active,Masters,sumaiya.ahmed68@example.com,01748124318,EMP-0002,65694,3.0,35,4,No,Consulting,Cash,2026-03-19
EMP-0069,Tasnim Islam,Female,42,Operations,Operations Manager,Dhaka,Central,Bangladesh,2017-04-27,2018-04-08,33000,0.15,4.3,9,26,24,Hybrid,On Leave,HSC,tasnim.islam69@example.com,01694176528,EMP-0005,168272,4.9,30,3,No,Consulting,Mobile Banking,2024-05-29
EMP-0070,Rafi Islam,Male,34,Support,Customer Success Executive,Khulna,South-West,Bangladesh,2020-10-25,2024-09-16,50500,0.07,4.6,6,44,12,yes,Active,HSC,rafi.islam70@example.com,01542445506,EMP-0008,128473,3.2,15,2,Yes,Software,Bank Transfer,2026-02-25
EMP-0071,Fahim Chowdhury,Female,26,Operations,Operations Manager,Barisal,South,Bangladesh,2019-02-17,2023-11-25,53000,0.1,5.0,7,63,9,No,Active,HSC,fahim.chowdhury71@example.com,01677839607,EMP-0008,63105,3.0,22,0,Yes,Consulting,Mobile Banking,2026-05-18
EMP-0072,Tanjila Rahman,Male,25,Marketing,Brand Executive,Barisal,South,Bangladesh,2025-07-26,,85500,0.03,3.3,0,46,17,No,Active,Diploma,tanjila.rahman72@example.com,01770445541,EMP-0005,865401,5.0,7,2,Yes,Training,Bank Transfer,2025-11-25
EMP-0073,Mahin Ahmed,Female,27,Data,Business Analyst,Dhaka,Central,Bangladesh,2017-07-05,2018-03-21,48000,0.15,3.1,9,66,14,Yes,Resigned,Bachelor,mahin.ahmed73@example.com,01592284610,EMP-0006,42598,3.5,19,9,No,Support Plan,Mobile Banking,2025-09-05
EMP-0074,Nayeem Akter,Male,31,HR,Recruiter,,,Bangladesh,2025-12-08,,138000,0.15,2.2,1,33,20,Hybrid,Resigned,Bachelor,nayeem.akter74@example.com,01816892773,EMP-0008,44698,3.8,24,2,No,Software,Cash,2025-01-25
EMP-0075,Tanjila Miah,Male,34,Finance,Finance Analyst,Khulna,South-West,Bangladesh,2021-08-08,2024-11-27,125500,0.1,4.6,4,17,16,Yes,Resigned,Masters,tanjila.miah75@example.com,01874205866,EMP-0007,82248,4.9,29,8,No,Support Plan,Bank Transfer,2025-06-25
EMP-0076,Fahim Miah,Female,28,Marketing,Brand Executive,Rajshahi,North-West,Bangladesh,2019-07-11,2021-09-07,73000,0.15,2.7,7,40,15,No,Resigned,Masters,fahim.miah76@example.com,01526357665,EMP-0007,413697,4.5,9,4,Yes,Consulting,Cash,2025-12-10
EMP-0077,Mehjabin Khan,Male,27,Sales,Sales Lead,Rajshahi,North-West,Bangladesh,2023-04-22,,70500,0.05,2.4,2,31,1,Hybrid,Resigned,Bachelor,mehjabin.khan77@example.com,01841250794,EMP-0001,105065,3.5,30,1,No,Software,Card,2026-04-13
EMP-0078,Nayeem Miah,Female,45,it,Content Marketer,Rajshahi,North-West,Bangladesh,2024-03-30,2025-01-25,40500,0.15,3.8,1,22,13,Yes,Active,Diploma,nayeem.miah78@example.com,01976489301,EMP-0003,785386,4.9,18,0,Yes,Consulting,Cash,2025-11-17
EMP-0079,Imran Miah,Male,25,Support,Customer Success Executive,Khulna,South-West,Bangladesh,2018-04-07,2020-08-11,53000,0.15,3.4,8,23,0,Hybrid,Active,Masters,imran.miah79@example.com,01735925669,EMP-0003,640632,4.6,25,6,No,Software,Mobile Banking,2024-07-14
EMP-0080,Farhan Islam,Male,31,Sales,Sales Executive,Rajshahi,North-West,Bangladesh,2021-04-21,2023-02-12,98000,0.07,4.9,5,74,23,Hybrid,Active,Masters,farhan.islam80@example.com,01858258264,EMP-0004,65142,4.2,29,4,No,Training,Bank Transfer,2024-08-28
EMP-0081,Imran Ahmed,Female,28,Finance,Finance Analyst,Sylhet,North-East,Bangladesh,2022-02-07,,123000,0.07,3.3,4,68,25,Hybrid,Active,Bachelor,,01889968863,EMP-0002,137758,3.6,23,1,Yes,Software,Card,2024-11-02
EMP-0082,Farhan Ahmed,Male,24,Sales,Sales Lead,Comilla,East,Bangladesh,2018-01-08,2021-05-17,98000,0.03,3.4,8,58,18,Yes,Resigned,Diploma,farhan.ahmed82@example.com,01851361818,EMP-0001,415182,3.1,0,11,No,Support Plan,Cash,2024-04-02
EMP-0083,Arif Ahmed,Female,38,IT,Software Engineer,Comilla,East,Bangladesh,2017-05-10,2019-06-16,93000,0.05,4.3,9,47,12,No,On Leave,Diploma,arif.ahmed83@example.com,01398824290,EMP-0003,171320,4.7,7,2,No,Support Plan,Card,2025-04-01
EMP-0084,Tanjila Akter,Male,35,Data,Business Analyst,Rangpur,North,Bangladesh,2019-07-30,2021-06-15,100500,0.07,2.5,6,14,1,Hybrid,On Leave,HSC,tanjila.akter84@example.com,01437659807,EMP-0002,26449,4.0,28,9,Yes,Hardware,Cash,2026-04-03
EMP-0085,Mehjabin Hossain,Female,45,IT,Frontend Developer,Rajshahi,North-West,Bangladesh,2019-08-18,2024-03-22,118000,0.07,3.8,7,30,9,Yes,Resigned,Bachelor,mehjabin.hossain85@example.com,01650332555,EMP-0005,15979,3.9,11,10,No,Support Plan,Mobile Banking,2024-04-06
EMP-0086,Rakib Chowdhury,Male,43,Data,ML Intern,Sylhet,North-East,Bangladesh,2020-05-13,2022-12-19,55500,0.12,3.5,5,38,22,Yes,On Leave,HSC,rakib.chowdhury86@example.com,01765388634,EMP-0007,146089,3.8,24,3,No,Hardware,Bank Transfer,2024-06-10
EMP-0087,Mehjabin Ahmed,Female,38,Sales,Sales Executive,Rajshahi,North-West,Bangladesh,2021-03-25,2025-07-01,123000,0.12,2.2,4,24,25,Hybrid,Resigned,Bachelor,mehjabin.ahmed87@example.com,01638036618,EMP-0006,317915,4.9,0,3,No,Software,Mobile Banking,2025-05-11
EMP-0088,Fahim Hossain,Male,28,Operations,Supply Chain Officer,Rangpur,North,Bangladesh,2022-03-25,2025-09-17,,0.07,3.0,4,65,15,No,Active,Diploma,fahim.hossain88@example.com,01952980983,EMP-0004,97178,3.3,2,9,No,Hardware,Cash,2025-06-18
EMP-0089,Mahin Begum,Male,30,Finance,Accountant,Barisal,South,Bangladesh,2019-08-01,2022-03-15,118000,0.05,3.5,7,32,24,No,On Leave,Diploma,mahin.begum89@example.com,01457268285,EMP-0003,36689,4.3,31,2,Yes,Support Plan,Cash,2024-06-01
EMP-0090,Rafi Akter,Male,25,Sales,Sales Executive,Sylhet,North-East,Bangladesh,2017-02-07,2018-10-27,108000,0.1,3.2,9,62,0,Yes,Resigned,Diploma,rafi.akter90@example.com,01312244945,EMP-0005,561762,4.9,1,8,No,Hardware,Cash,2024-07-16
EMP-0091,Sumaiya Islam,Female,27,Marketing,Content Marketer,Rajshahi,North-West,Bangladesh,2025-12-01,,40500,0.07,4.9,1,72,7,Hybrid,Active,Masters,sumaiya.islam91@example.com,01820820219,EMP-0001,98042,3.5,24,8,No,Software,Cash,2024-12-16
EMP-0092,Mina Miah,Male,41,Operations,Operations Manager,Chittagong,South-East,Bangladesh,2022-12-04,2023-08-28,63000,0.05,4.7,4,34,1,Yes,Active,HSC,mina.miah92@example.com,01452209421,EMP-0001,54305,4.0,25,1,No,Hardware,Card,2026-03-07
EMP-0093,Mahin Ahmed,Male,,Finance,Payroll Officer,Chittagong,South-East,Bangladesh,2022-08-14,,83000,0.03,2.4,3,9,10,Hybrid,Resigned,Diploma,mahin.ahmed93@example.com,01953805532,EMP-0001,166231,3.2,28,7,No,Consulting,Mobile Banking,2026-06-03
EMP-0094,Farhan Begum,Male,23,Marketing,SEO Specialist,Chittagong,South-East,Bangladesh,2017-12-03,2019-12-01,50500,0.1,4.2,8,49,10,No,Active,HSC,farhan.begum94@example.com,01351374957,EMP-0008,377400,4.4,6,2,Yes,Hardware,Mobile Banking,2026-07-08
EMP-0095,Mahin Sultana,Male,24,IT,Software Engineer,Barisal,South,Bangladesh,2023-03-21,2024-03-25,123000,0.12,4.4,3,1,9,No,On Leave,HSC,mahin.sultana95@example.com,01885099723,EMP-0004,149935,3.8,24,2,No,Consulting,Bank Transfer,2025-07-03
EMP-0096,Nayeem Islam,Female,26,Data,ML Intern,Rangpur,North,Bangladesh,2020-05-12,2023-07-27,38000,0.07,2.8,5,80,15,Hybrid,Resigned,Bachelor,nayeem.islam96@example.com,01624357588,EMP-0003,79864,2.5,25,5,No,Consulting,Mobile Banking,2025-11-16
EMP-0097,Arif Begum,Female,30,Operations,Operations Manager,Khulna,South-West,Bangladesh,2022-05-17,2024-08-17,55500,0.1,4.9,4,62,18,Yes,Active,Diploma,arif.begum97@example.com,01562738860,EMP-0006,29855,4.8,12,9,No,Support Plan,Cash,2026-08-03
EMP-0098,Ayesha Miah,Male,43,HR,Recruiter,Comilla,East,Bangladesh,2018-07-25,2022-08-10,75500,0.05,2.8,7,54,25,No,Active,Diploma,ayesha.miah98@example.com,01774321792,EMP-0007,140081,3.8,26,8,Yes,Consulting,Cash,2024-08-11
EMP-0099,Hasan Ahmed,Female,41,IT,QA Engineer,Barisal,South,Bangladesh,2025-12-06,,43000,0.03,2.4,0,65,23,Hybrid,Resigned,Bachelor,hasan.ahmed99@example.com,01660213478,EMP-0007,121389,4.4,32,2,No,Software,Mobile Banking,2024-08-02
EMP-0100,Imran Chowdhury,Female,24,Finance,Finance Analyst,Rajshahi,North-West,Bangladesh,2020-11-06,2023-11-23,60500,0.12,3.5,6,12,14,Hybrid,On Leave,Masters,imran.chowdhury100@example.com,01350300763,EMP-0001,212385,4.3,1,5,Yes,Hardware,Card,2026-03-18
EMP-0101,Farhan Ahmed,Male,35,Sales,Account Manager,Sylhet,North-East,Bangladesh,2019-02-03,2023-03-05,133000,0.1,3.2,6,57,18,No,On Leave,HSC,farhan.ahmed101@example.com,01838829445,EMP-0004,291865,4.4,4,9,Yes,Support Plan,Card,2026-01-19
EMP-0102,Sadia Hossain,Male,24,Marketing,Brand Executive,Comilla,East,Bangladesh,2022-12-02,,78000,0.12,3.2,4,75,3,No,Active,Diploma,sadia.hossain102@example.com,01733156250,EMP-0005,644333,4.0,8,5,Yes,Hardware,Bank Transfer,2024-08-27
EMP-0103,Farhan Ahmed,Female,37,Data,ML Intern,Sylhet,North-East,Bangladesh,2023-06-13,2026-02-02,95500,0.05,3.5,2,71,5,No,Active,Bachelor,farhan.ahmed103@example.com,01452222214,EMP-0008,162374,2.6,22,0,No,Hardware,Card,2026-02-25
EMP-0104,Mahin Sultana,Male,34,Support,Customer Success Executive,Comilla,East,Bangladesh,2022-06-25,2023-11-29,40500,0.12,2.2,3,37,1,No,Active,Masters,mahin.sultana104@example.com,01471380637,EMP-0008,576429,3.8,7,4,No,Support Plan,Cash,2026-06-22
EMP-0105,Mahin Hossain,Male,24,Sales,Account Manager,Dhaka,Central,Bangladesh,2022-01-17,2024-01-05,83000,0.03,3.4,3,30,6,Hybrid,Resigned,Masters,mahin.hossain105@example.com,01991907952,EMP-0007,174044,4.0,13,3,Yes,Support Plan,Bank Transfer,2026-05-18
EMP-0106,Farhan Ahmed,Male,30,Marketing,Brand Executive,Chittagong,South-East,Bangladesh,2018-07-10,2023-03-22,93000,0.03,5.0,7,16,7,Yes,Active,Bachelor,farhan.ahmed106@example.com,01962707402,EMP-0008,149077,3.9,17,10,No,Training,Mobile Banking,2024-06-03
EMP-0107,Mina Chowdhury,Male,43,Operations,Supply Chain Officer,Comilla,East,Bangladesh,2020-09-02,2024-06-04,28000,0.15,2.4,6,45,2,Hybrid,On Leave,Bachelor,mina.chowdhury107@example.com,01638434222,EMP-0008,70395,3.3,18,5,No,Support Plan,Mobile Banking,2025-12-04
EMP-0108,Rafi Akter,Female,41,Support,Support Engineer,Chittagong,South-East,Bangladesh,2018-10-10,2021-09-27,100500,0.03,5.0,8,25,22,Yes,Active,Bachelor,rafi.akter108@example.com,01946778269,EMP-0002,686385,3.4,5,5,No,Software,Mobile Banking,2025-09-17
EMP-0109,Hasan Chowdhury,Female,43,HR,HR Executive,Khulna,South-West,Bangladesh,2022-05-08,2023-04-12,48000,0.12,2.8,4,1,0,Hybrid,Active,HSC,hasan.chowdhury109@example.com,01966682016,EMP-0003,125226,2.7,24,1,Yes,Software,Bank Transfer,2026-01-22
EMP-0110,Imran Islam,Male,45,Finance,Payroll Officer,Sylhet,North-East,Bangladesh,2017-10-08,2021-03-27,118000,0.03,3.9,8,56,11,Hybrid,Active,Bachelor,imran.islam110@example.com,01692688322,EMP-0008,225434,3.0,6,2,Yes,Support Plan,Mobile Banking,2025-12-20
EMP-0111,Arif Ahmed,Female,28,Marketing,Brand Executive,Chittagong,South-East,Bangladesh,2019-10-14,2023-05-19,123000,0.12,4.2,7,3,21,No,Active,Bachelor,arif.ahmed111@example.com,01862579931,EMP-0005,677558,2.6,15,7,No,Software,Card,2026-02-17
EMP-0112,Tanjila Ahmed,Male,25,Data,Business Analyst,Rangpur,North,Bangladesh,2021-02-05,2024-08-26,,0.05,4.3,4,2,18,Yes,Active,Masters,tanjila.ahmed112@example.com,01415345470,EMP-0001,248690,4.5,32,4,No,Training,Mobile Banking,2024-06-17
EMP-0113,Mahin Sultana,Female,29,HR,Recruiter,Chittagong,South-East,Bangladesh,2022-09-26,2024-05-14,50500,0.12,3.0,3,39,22,No,Active,HSC,mahin.sultana113@example.com,01421571285,EMP-0007,30405,3.6,3,4,No,Software,Cash,2024-10-08
EMP-0114,Tanjila Islam,Male,32,Marketing,SEO Specialist,Barisal,South,Bangladesh,2018-06-04,2023-02-13,70500,0.15,4.7,7,42,25,No,Active,HSC,tanjila.islam114@example.com,01587396877,EMP-0002,520248,3.6,23,0,No,Support Plan,Card,2026-01-23
EMP-0115,Farhan Khan,Female,39,HR,HR Executive,Dhaka,Central,Bangladesh,2017-06-30,2018-01-21,65500,0.03,3.5,9,19,5,Yes,Resigned,Diploma,farhan.khan115@example.com,01453191535,EMP-0004,109119,4.8,20,4,Yes,Support Plan,Bank Transfer,2024-09-01
EMP-0116,Sumaiya Akter,Female,28,IT,QA Engineer,Chittagong,South-East,Bangladesh,2022-03-21,2024-04-17,75500,0.07,2.4,4,1,11,Yes,Active,Masters,sumaiya.akter116@example.com,01893579731,EMP-0004,121615,3.4,31,12,No,Support Plan,Card,2024-11-04
EMP-0117,Tanjila Chowdhury,Female,28,Operations,Operations Manager,Dhaka,Central,Bangladesh,2020-10-04,2021-04-04,133000,0.1,4.6,6,13,6,Hybrid,Active,Diploma,tanjila.chowdhury117@example.com,01618038980,EMP-0003,186555,3.2,2,3,No,Consulting,Mobile Banking,2024-06-22
EMP-0118,Tasnim Rahman,Female,41,Data,Data Analyst,Dhaka,Central,Bangladesh,2021-11-17,2026-01-31,48000,0.05,2.9,5,50,22,Hybrid,Active,Masters,tasnim.rahman118@example.com,01646501299,EMP-0004,19578,4.9,8,12,Yes,Hardware,Cash,2024-12-02
EMP-0119,Mehjabin Miah,Male,34,HR,HR Manager,Barisal,South,Bangladesh,2025-08-22,,98000,0.07,3.4,0,11,5,Hybrid,Active,HSC,mehjabin.miah119@example.com,01453995720,EMP-0003,23910,4.3,22,6,Yes,Consulting,Bank Transfer,2024-12-22
EMP-0120,Tanjila Chowdhury,Male,38,Sales,Sales Executive,Comilla,East,Bangladesh,2018-02-22,2019-06-03,45500,0.03,2.3,7,16,6,No,Active,HSC,tanjila.chowdhury120@example.com,01788667527,EMP-0005,852227,2.7,4,3,No,Hardware,Cash,2025-11-10
EMP-0121,Sakib Akter,Male,22,Finance,Payroll Officer,Rangpur,North,Bangladesh,2025-02-15,,105500,0.03,3.2,1,22,11,Yes,Active,Masters,sakib.akter121@example.com,01569862640,EMP-0003,9083,4.0,15,10,No,Training,Mobile Banking,2026-01-03
EMP-0122,Nusrat Chowdhury,Female,34,Sales,Sales Lead,Khulna,South-West,Bangladesh,2024-01-28,,30500,0.1,4.4,2,61,17,No,Active,Masters,nusrat.chowdhury122@example.com,01646297263,EMP-0003,27329,3.3,14,0,No,Software,Mobile Banking,2026-06-19
EMP-0123,Hasan Islam,Female,28,Sales,Account Manager,Dhaka,Central,Bangladesh,2025-07-27,,118000,0.1,3.1,0,22,7,Hybrid,Active,Masters,hasan.islam123@example.com,01713785821,EMP-0006,595225,3.9,12,12,No,Support Plan,Bank Transfer,2024-12-25
EMP-0124,Nayeem Akter,Female,22,Sales,Sales Lead,Khulna,South-West,Bangladesh,2017-03-23,2020-09-01,103000,0.03,3.1,8,16,10,Hybrid,Active,Masters,nayeem.akter124@example.com,01312941099,EMP-0003,615104,4.3,9,12,Yes,Support Plan,Bank Transfer,2024-05-28
EMP-0125,Rakib Chowdhury,Female,31,Marketing,Content Marketer,Sylhet,North-East,Bangladesh,2018-10-08,2023-05-14,95500,0.15,4.9,8,22,22,Hybrid,Resigned,Masters,rakib.chowdhury125@example.com,01499326148,EMP-0003,396764,3.3,18,2,No,Software,Mobile Banking,2024-03-07
EMP-0011,Sumaiya Rahman,Female,23,HR,HR Manager,Khulna,South-West,Bangladesh,2021-07-12,2022-09-10,118000,0.05,3.8,4,79,2,No,Resigned,Masters,sumaiya.rahman11@example.com,01537415205,EMP-0006,62570,3.2,8,10,No,Training,Bank Transfer,2024-05-28
EMP-0026,Sadia Akter,Male,31,Finance,Finance Analyst,Khulna,South-West,Bangladesh,2020-12-24,2022-12-03,80500,0.07,4.7,6,71,0,Hybrid,Active,HSC,sadia.akter26@example.com,01464549859,EMP-0008,145536,4.4,30,10,No,Training,Cash,2024-07-09
EMP-0071,Fahim Chowdhury,Female,26,Operations,Operations Manager,Barisal,South,Bangladesh,2019-02-17,2023-11-25,53000,0.1,5.0,7,63,9,No,Active,HSC,fahim.chowdhury71@example.com,01677839607,EMP-0008,63105,3.0,22,0,Yes,Consulting,Mobile Banking,2026-05-18
